{"cameraMode":{"drawMode":0,"name":"Shaded","section":"Shading Mode"},"sceneLighting":true,"audioPlay":false,"sceneViewState":{"m_AlwaysRefresh":false,"showFog":true,"showSkybox":true,"showFlares":true,"showImageEffects":true,"showParticleSystems":true,"showVisualEffectGraphs":true,"m_FxEnabled":true},"in2DMode":false,"pivot":{"x":1.131439208984375,"y":-6.468965530395508,"z":-23.35709571838379},"rotation":{"x":0.0028616772033274175,"y":0.9760956764221191,"z":0.012875835411250592,"w":-0.2169407606124878},"size":13.838356018066407,"orthographic":false}